CREATE DATABASE  IF NOT EXISTS `dads_4002` /*!40100 DEFAULT CHARACTER SET utf8mb3 */ /*!80016 DEFAULT ENCRYPTION='N' */;
USE `dads_4002`;
-- MySQL dump 10.13  Distrib 8.0.29, for macos12 (x86_64)
--
-- Host: localhost    Database: dads_4002
-- ------------------------------------------------------
-- Server version	8.0.29

/*!40101 SET @OLD_CHARACTER_SET_CLIENT=@@CHARACTER_SET_CLIENT */;
/*!40101 SET @OLD_CHARACTER_SET_RESULTS=@@CHARACTER_SET_RESULTS */;
/*!40101 SET @OLD_COLLATION_CONNECTION=@@COLLATION_CONNECTION */;
/*!50503 SET NAMES utf8 */;
/*!40103 SET @OLD_TIME_ZONE=@@TIME_ZONE */;
/*!40103 SET TIME_ZONE='+00:00' */;
/*!40014 SET @OLD_UNIQUE_CHECKS=@@UNIQUE_CHECKS, UNIQUE_CHECKS=0 */;
/*!40014 SET @OLD_FOREIGN_KEY_CHECKS=@@FOREIGN_KEY_CHECKS, FOREIGN_KEY_CHECKS=0 */;
/*!40101 SET @OLD_SQL_MODE=@@SQL_MODE, SQL_MODE='NO_AUTO_VALUE_ON_ZERO' */;
/*!40111 SET @OLD_SQL_NOTES=@@SQL_NOTES, SQL_NOTES=0 */;

--
-- Table structure for table `admin_info`
--

DROP TABLE IF EXISTS `admin_info`;
/*!40101 SET @saved_cs_client     = @@character_set_client */;
/*!50503 SET character_set_client = utf8mb4 */;
CREATE TABLE `admin_info` (
  `id` int NOT NULL AUTO_INCREMENT,
  `admin_username` varchar(45) NOT NULL,
  `admin_password` varchar(45) NOT NULL,
  PRIMARY KEY (`id`)
) ENGINE=InnoDB AUTO_INCREMENT=4 DEFAULT CHARSET=utf8mb3;
/*!40101 SET character_set_client = @saved_cs_client */;

--
-- Dumping data for table `admin_info`
--

LOCK TABLES `admin_info` WRITE;
/*!40000 ALTER TABLE `admin_info` DISABLE KEYS */;
INSERT INTO `admin_info` VALUES (1,'eatrabyo','eatrabyo1'),(2,'mmaiiip','2529'),(3,'karun_kook','karun1');
/*!40000 ALTER TABLE `admin_info` ENABLE KEYS */;
UNLOCK TABLES;

--
-- Table structure for table `customer`
--

DROP TABLE IF EXISTS `customer`;
/*!40101 SET @saved_cs_client     = @@character_set_client */;
/*!50503 SET character_set_client = utf8mb4 */;
CREATE TABLE `customer` (
  `id` int NOT NULL AUTO_INCREMENT,
  `customer_user` varchar(200) NOT NULL,
  `old_customer` tinyint DEFAULT NULL,
  `phone_number` varchar(11) NOT NULL,
  `email` varchar(100) DEFAULT NULL,
  PRIMARY KEY (`id`)
) ENGINE=InnoDB AUTO_INCREMENT=129 DEFAULT CHARSET=utf8mb3;
/*!40101 SET character_set_client = @saved_cs_client */;

--
-- Dumping data for table `customer`
--

LOCK TABLES `customer` WRITE;
/*!40000 ALTER TABLE `customer` DISABLE KEYS */;
INSERT INTO `customer` VALUES (1,'harumun',1,'66608991803','harumun035@gmail.com'),(2,'tan_pocket',1,'66889022146','tan_pocket463@gmail.com'),(3,'j_jxhn',1,'66967199554','j_jxhn542@gmail.com'),(4,'emmilyck',1,'66653446305','emmilyck057@gmail.com'),(5,'wichavadeesooksamur',1,'66861083907','wichavadeesooksamur078@gmail.com'),(6,'plawrite12345',1,'66648761399','plawrite12345995@gmail.com'),(7,'usagi_chaw',1,'66842956792','usagi_chaw926@gmail.com'),(8,'maceeron',1,'66670726232','maceeron326@gmail.com'),(9,'yuiyukon',1,'66848922473','yuiyukon732@gmail.com'),(10,'_qffy9av92',1,'66878835550','_qffy9av92501@gmail.com'),(11,'t_ongkoon',1,'66618654122','t_ongkoon221@gmail.com'),(12,'jarusw',1,'66828658390','jarusw906@gmail.com'),(13,'pollytanatchaporn',1,'66802333557','pollytanatchaporn570@gmail.com'),(14,'sudaporn654',1,'66606038718','sudaporn654187@gmail.com'),(15,'jakkawal21',1,'66811590341','jakkawal21410@gmail.com'),(16,'teantong72',1,'66868680791','teantong72915@gmail.com'),(17,'q5pufqjg5n',1,'66863030916','q5pufqjg5n164@gmail.com'),(18,'jeen69.',1,'66633277538','jeen69.387@gmail.com'),(19,'jeans.tonkra2828',1,'66874848909','jeans.tonkra2828097@gmail.com'),(20,'mhekub11',1,'66622007998','mhekub11981@gmail.com'),(21,'thip212522',1,'66675981813','thip212522133@gmail.com'),(22,'c4afhvvq3_',1,'66866970015','c4afhvvq3_157@gmail.com'),(23,'sannitboonyapat',1,'66808807488','sannitboonyapat888@gmail.com'),(24,'balljanenara',1,'66646052316','balljanenara165@gmail.com'),(25,'everythingchillchill',1,'66691744955','everythingchillchill553@gmail.com'),(26,'namfontitirat1990',1,'66800866673','namfontitirat1990731@gmail.com'),(27,'tongarsa',1,'66935372859','tongarsa595@gmail.com'),(28,'zamukun',1,'66888542984','zamukun843@gmail.com'),(29,'ming_kck',1,'66674393194','ming_kck947@gmail.com'),(30,'uthai_damang',1,'66937334035','uthai_damang352@gmail.com'),(31,'nuy_nomsod2529',1,'66656499290','nuy_nomsod2529903@gmail.com'),(32,'napawan_nan',1,'66803436757','napawan_nan573@gmail.com'),(33,'piinuz3',1,'66630878229','piinuz3297@gmail.com'),(34,'wilaa59',1,'66897034444','wilaa59448@gmail.com'),(35,'akaranatoom',1,'66932706392','akaranatoom925@gmail.com'),(36,'miaouratanaporn172525',1,'66815817896','miaouratanaporn172525961@gmail.com'),(37,'kanlayakunthong',1,'66853583580','kanlayakunthong800@gmail.com'),(38,'daveeiei',1,'66688505767','daveeiei676@gmail.com'),(39,'surachat64',1,'66976642180','surachat64808@gmail.com'),(40,'betakimm',1,'66916872443','betakimm431@gmail.com'),(41,'bowzsh',1,'66898399985','bowzsh856@gmail.com'),(42,'kritchaitonyjaruda',1,'66647693551','kritchaitonyjaruda511@gmail.com'),(43,'suppanitlee',1,'66833032509','suppanitlee091@gmail.com'),(44,'apukprayura',1,'66954703585','apukprayura851@gmail.com'),(45,'h01dz6czai',1,'66823334361','h01dz6czai612@gmail.com'),(46,'tuk_tuk15',1,'66864583350','tuk_tuk15506@gmail.com'),(47,'zan9lzw3i_',1,'66999075219','zan9lzw3i_196@gmail.com'),(48,'touch1104',1,'66893706958','touch1104582@gmail.com'),(49,'pitichon',1,'66864641247','pitichon479@gmail.com'),(50,'7tlv2pnwov',1,'66699700553','7tlv2pnwov533@gmail.com'),(51,'oilypinwattanachai',1,'66892430618','oilypinwattanachai180@gmail.com'),(52,'jellyfishykitty',1,'66947305601','jellyfishykitty011@gmail.com'),(53,'noizlllllll',1,'66864217110','noizlllllll102@gmail.com'),(54,'nopdentcmu',1,'66924410243','nopdentcmu436@gmail.com'),(55,'udonthepug',1,'66911404524','udonthepug244@gmail.com'),(56,'puiloveminamesa',1,'66901741211','puiloveminamesa111@gmail.com'),(57,'porntipkh',1,'66836865445','porntipkh457@gmail.com'),(58,'nuanpak',1,'66861062935','nuanpak355@gmail.com'),(59,'kan.ravee',1,'66944197041','kan.ravee411@gmail.com'),(60,'patcharaponrlim',1,'66801584373','patcharaponrlim737@gmail.com'),(61,'jutarat0807137394',1,'66813911371','jutarat0807137394712@gmail.com'),(62,'ntb44',1,'66858150759','ntb44597@gmail.com'),(63,'annpanudda1225',1,'66892858340','annpanudda1225405@gmail.com'),(64,'napatboonpakdee',1,'66878225969','napatboonpakdee699@gmail.com'),(65,'siriwan7897',1,'66650540451','siriwan7897512@gmail.com'),(66,'ladastudio',1,'66927940774','ladastudio743@gmail.com'),(67,'dalgome',1,'66886269666','dalgome665@gmail.com'),(68,'sews2vq8cd',0,'66615057620','sews2vq8cd209@gmail.com'),(69,'ploypailinscribe',0,'66993999993','ploypailinscribe937@gmail.com'),(70,'ahamadweawo1234',0,'66843849595','ahamadweawo1234954@gmail.com'),(71,'ningleksripa',0,'66696941028','ningleksripa285@gmail.com'),(72,'mom5224',0,'66848835424','mom5224243@gmail.com'),(73,'dawnyjaeko',0,'66829063842','dawnyjaeko422@gmail.com'),(74,'bewbizpyd',0,'66971363561','bewbizpyd616@gmail.com'),(75,'pattrawutpanmetharit',0,'66841274140','pattrawutpanmetharit402@gmail.com'),(76,'charger_shop',0,'66624418032','charger_shop329@gmail.com'),(77,'teerachaitaleap',0,'66928024546','teerachaitaleap467@gmail.com'),(78,'earthkittiphot',0,'66886859306','earthkittiphot063@gmail.com'),(79,'chatee0640341311',0,'66802399760','chatee0640341311601@gmail.com'),(80,'nevermind88',0,'66869136514','nevermind88147@gmail.com'),(81,'mr.1741',0,'66952265418','mr.1741186@gmail.com'),(82,'waritsanmontree',0,'66847493685','waritsanmontree853@gmail.com'),(83,'rakrattasongchuntuk',0,'66804464915','rakrattasongchuntuk152@gmail.com'),(84,'paphawarinintasaw',0,'66851979182','paphawarinintasaw820@gmail.com'),(85,'patcharaporn15',0,'66632745981','patcharaporn15818@gmail.com'),(86,'nicepanchapat',0,'66879825674','nicepanchapat744@gmail.com'),(87,'tawach8776',0,'66666858757','tawach8776574@gmail.com'),(88,'muaysaranya',0,'66833429182','muaysaranya826@gmail.com'),(89,'closertuktun',0,'66804284978','closertuktun781@gmail.com'),(90,'monta14',0,'66846175707','monta14077@gmail.com'),(91,'coco.bitch',0,'66951094168','coco.bitch686@gmail.com'),(92,'jattuphum9406',0,'66617140294','jattuphum9406945@gmail.com'),(93,'ruanthaiherb',0,'66885412243','ruanthaiherb434@gmail.com'),(94,'sukpiphat',0,'66637121562','sukpiphat627@gmail.com'),(95,'9maserati',0,'66615053777','9maserati772@gmail.com'),(96,'s.candle.official',0,'66663024768','s.candle.official682@gmail.com'),(97,'dear_ocharos',0,'66640970479','dear_ocharos796@gmail.com'),(98,'sirirat_nartudom',0,'66822370781','sirirat_nartudom816@gmail.com'),(99,'nuntapron.24',0,'66848234303','nuntapron.24037@gmail.com'),(100,'champnissan',1,'66862056736','champnissan366@gmail.com'),(101,'kin4430',0,'66642051901','kin4430010@gmail.com'),(102,'faiithanida',0,'66955635003','faiithanida034@gmail.com'),(103,'raviwan1995',0,'66863267060','raviwan1995605@gmail.com'),(104,'gdhsjdhdjdj',0,'66821566651','gdhsjdhdjdj515@gmail.com'),(105,'chaiwat_limnaktong',0,'66969446740','chaiwat_limnaktong400@gmail.com'),(106,'jjb_phatharaporn_28',0,'66667265824','jjb_phatharaporn_28247@gmail.com'),(107,'poope_kitty',0,'66806290841','poope_kitty416@gmail.com'),(108,'parichat44pa',0,'66849602459','parichat44pa599@gmail.com'),(109,'yokmanatwong',0,'66829472502','yokmanatwong029@gmail.com'),(110,'intananent',0,'66988263675','intananent759@gmail.com'),(111,'dadatiras',0,'66831142494','dadatiras946@gmail.com'),(112,'noonan892',0,'66886000535','noonan892350@gmail.com'),(113,'jittimau',0,'66851069604','jittimau046@gmail.com'),(114,'oudoud11',0,'66805595175','oudoud11759@gmail.com'),(115,'smurfstoyy',0,'66962682710','smurfstoyy104@gmail.com'),(116,'preamproud1205',0,'66892323413','preamproud1205133@gmail.com'),(117,'athapolpetpradubsakul',0,'66946847780','athapolpetpradubsakul800@gmail.com'),(118,'mae.praewpan',0,'66937092466','mae.praewpan662@gmail.com'),(119,'by_bmwlicq',0,'66634055507','by_bmwlicq073@gmail.com'),(120,'palmwuthikornwajarothai',0,'66846920637','palmwuthikornwajarothai378@gmail.com'),(121,'kanokkornsansuwan',0,'66806617940','kanokkornsansuwan400@gmail.com'),(122,'mcaelby2q3',0,'66687326249','mcaelby2q3496@gmail.com'),(123,'slowgrowgreen',0,'66824371681','slowgrowgreen817@gmail.com'),(124,'ch0mp00w',0,'66868634666','ch0mp00w661@gmail.com'),(125,'onumapunch1992',0,'66628908761','onumapunch1992611@gmail.com'),(126,'palmtannee',0,'66958398594','palmtannee945@gmail.com'),(127,'hhportykuntida',0,'66805969123','hhportykuntida233@gmail.com'),(128,'kamolkeerativachirakul',0,'66953091521','kamolkeerativachirakul217@gmail.com');
/*!40000 ALTER TABLE `customer` ENABLE KEYS */;
UNLOCK TABLES;

--
-- Table structure for table `main`
--

DROP TABLE IF EXISTS `main`;
/*!40101 SET @saved_cs_client     = @@character_set_client */;
/*!50503 SET character_set_client = utf8mb4 */;
CREATE TABLE `main` (
  `id` int NOT NULL AUTO_INCREMENT,
  `transaction_id` varchar(200) NOT NULL,
  `product_id` varchar(50) NOT NULL,
  `customer_id` int NOT NULL,
  `purchasing_time` datetime NOT NULL,
  `price_per_unit` decimal(10,2) NOT NULL,
  `unit` int NOT NULL,
  `destination_district` varchar(45) NOT NULL,
  `destination_province` varchar(45) NOT NULL,
  `postal_code` varchar(5) NOT NULL,
  PRIMARY KEY (`id`),
  KEY `fk_main_product_idx` (`product_id`),
  KEY `fk_main_customer1_idx` (`customer_id`),
  CONSTRAINT `fk_main_customer1` FOREIGN KEY (`customer_id`) REFERENCES `customer` (`id`) ON DELETE RESTRICT,
  CONSTRAINT `fk_main_product` FOREIGN KEY (`product_id`) REFERENCES `product` (`id`) ON DELETE RESTRICT
) ENGINE=InnoDB AUTO_INCREMENT=277 DEFAULT CHARSET=utf8mb3;
/*!40101 SET character_set_client = @saved_cs_client */;

--
-- Dumping data for table `main`
--

LOCK TABLES `main` WRITE;
/*!40000 ALTER TABLE `main` DISABLE KEYS */;
INSERT INTO `main` VALUES (1,'trans_1','han-rhi-04-02',1,'2022-10-01 00:13:00',45.00,1,'บางกอกน้อย','กรุงเทพมหานคร','10700'),(2,'trans_1','han-rhi-04-09',1,'2022-10-01 00:13:00',45.00,1,'บางกอกน้อย','กรุงเทพมหานคร','10700'),(3,'trans_1','phi-xa-11',1,'2022-10-01 00:13:00',250.00,1,'บางกอกน้อย','กรุงเทพมหานคร','10700'),(4,'trans_2','han-rhi-04-04',2,'2022-10-10 12:44:00',45.00,1,'วัฒนา','กรุงเทพมหานคร','10110'),(5,'trans_2','han-rhi-04-02',2,'2022-10-10 12:44:00',45.00,1,'วัฒนา','กรุงเทพมหานคร','10110'),(6,'trans_2','han-lip-01',2,'2022-10-10 12:44:00',50.00,1,'วัฒนา','กรุงเทพมหานคร','10110'),(7,'trans_2','han-hoy-04-06',2,'2022-10-10 12:44:00',65.00,1,'วัฒนา','กรุงเทพมหานคร','10110'),(8,'trans_2','han-rhi-04-06',2,'2022-10-10 12:44:00',40.00,2,'วัฒนา','กรุงเทพมหานคร','10110'),(9,'trans_3','han-dap-01-01',3,'2022-10-01 17:16:00',19.00,3,'ประเวศ','กรุงเทพมหานคร','10250'),(10,'trans_3','han-dap-02-01',3,'2022-10-01 17:16:00',19.00,3,'ประเวศ','กรุงเทพมหานคร','10250'),(11,'trans_4','han-hoy-04-03',4,'2022-10-02 10:29:00',59.00,1,'มีนบุรี','กรุงเทพมหานคร','10510'),(12,'trans_4','han-hoy-04-01',4,'2022-10-02 10:29:00',40.00,1,'มีนบุรี','กรุงเทพมหานคร','10510'),(13,'trans_5','han-dap-01-01',5,'2022-10-04 12:34:00',19.00,1,'แก่งคอย','สระบุรี','18110'),(14,'trans_5','han-dap-02-01',5,'2022-10-04 12:34:00',19.00,1,'แก่งคอย','สระบุรี','18110'),(15,'trans_6','mmk-06',6,'2022-10-05 03:07:00',20.00,2,'คำเขื่อนแก้ว','ยโสธร','35110'),(16,'trans_6','mmk-12',6,'2022-10-05 03:07:00',20.00,1,'คำเขื่อนแก้ว','ยโสธร','35110'),(17,'trans_6','mmk-14',6,'2022-10-05 03:07:00',20.00,1,'คำเขื่อนแก้ว','ยโสธร','35110'),(18,'trans_7','mmk-10',7,'2022-10-10 00:47:00',20.00,1,'ราชเทวี','กรุงเทพมหานคร','10400'),(19,'trans_7','mmk-16',7,'2022-10-10 00:47:00',16.00,1,'ราชเทวี','กรุงเทพมหานคร','10400'),(20,'trans_7','mmk-04',7,'2022-10-10 00:47:00',16.00,1,'ราชเทวี','กรุงเทพมหานคร','10400'),(21,'trans_7','mmk-06',7,'2022-10-10 00:47:00',16.00,1,'ราชเทวี','กรุงเทพมหานคร','10400'),(22,'trans_7','mmk-07',7,'2022-10-10 00:47:00',16.00,1,'ราชเทวี','กรุงเทพมหานคร','10400'),(23,'trans_8','mmk-08',8,'2022-10-15 00:57:00',20.00,2,'สวนหลวง','กรุงเทพมหานคร','10250'),(24,'trans_8','mmk-13',8,'2022-10-15 00:57:00',20.00,1,'สวนหลวง','กรุงเทพมหานคร','10250'),(25,'trans_8','mmk-08',8,'2022-10-15 00:57:00',20.00,1,'สวนหลวง','กรุงเทพมหานคร','10250'),(26,'trans_8','mmk-14',8,'2022-10-15 00:57:00',20.00,1,'สวนหลวง','กรุงเทพมหานคร','10250'),(27,'trans_8','agl-03',8,'2022-10-15 00:57:00',139.00,1,'สวนหลวง','กรุงเทพมหานคร','10250'),(28,'trans_9','mmk-10',9,'2022-10-12 20:52:00',20.00,1,'สะพานสูง','กรุงเทพมหานคร','10240'),(29,'trans_9','mmk-04',9,'2022-10-12 20:52:00',16.00,1,'สะพานสูง','กรุงเทพมหานคร','10240'),(30,'trans_9','mmk-07',9,'2022-10-12 20:52:00',16.00,1,'สะพานสูง','กรุงเทพมหานคร','10240'),(31,'trans_9','mmk-08',9,'2022-10-12 20:52:00',16.00,1,'สะพานสูง','กรุงเทพมหานคร','10240'),(32,'trans_9','mmk-03',9,'2022-10-12 20:52:00',16.00,1,'สะพานสูง','กรุงเทพมหานคร','10240'),(33,'trans_9','mmk-17',9,'2022-10-12 20:52:00',16.00,1,'สะพานสูง','กรุงเทพมหานคร','10240'),(34,'trans_10','mmk-02',10,'2022-10-30 01:12:00',20.00,1,'เพ็ญ','อุดรธานี','41150'),(35,'trans_10','mmk-06',10,'2022-10-30 01:12:00',20.00,1,'เพ็ญ','อุดรธานี','41150'),(36,'trans_10','mmk-12',10,'2022-10-30 01:12:00',20.00,1,'เพ็ญ','อุดรธานี','41150'),(37,'trans_11','agl-sup-01-03',11,'2022-10-09 09:12:00',60.00,1,'วารินชำราบ','อุบลราชธานี','34190'),(38,'trans_11','agl-sup-02-03',11,'2022-10-09 09:12:00',60.00,1,'วารินชำราบ','อุบลราชธานี','34190'),(39,'trans_12','agl-sup-01-03',12,'2022-10-04 22:11:00',60.00,1,'เมืองกระบี่','กระบี่','81000'),(40,'trans_12','agl-sup-02-03',12,'2022-10-04 22:11:00',60.00,1,'เมืองกระบี่','กระบี่','81000'),(41,'trans_13','agl-sup-01-03',13,'2022-10-09 21:29:00',60.00,1,'จักราช','นครราชสีมา','30230'),(42,'trans_13','agl-sup-02-03',13,'2022-10-09 21:29:00',60.00,1,'จักราช','นครราชสีมา','30230'),(43,'trans_13','agl-sup-03-03',13,'2022-10-09 21:29:00',50.00,1,'จักราช','นครราชสีมา','30230'),(44,'trans_14','agl-sup-01-03',14,'2022-10-15 08:58:00',60.00,1,'หนองเสือ','ปทุมธานี','12170'),(45,'trans_14','agl-sup-02-03',14,'2022-10-15 08:58:00',60.00,1,'หนองเสือ','ปทุมธานี','12170'),(46,'trans_14','agl-sup-03-03',14,'2022-10-15 08:58:00',50.00,1,'หนองเสือ','ปทุมธานี','12170'),(47,'trans_14','agl-04-05',14,'2022-10-15 08:58:00',50.00,1,'หนองเสือ','ปทุมธานี','12170'),(48,'trans_15','agl-02',15,'2022-10-14 22:18:00',45.00,1,'เชียงดาว','เชียงใหม่','50170'),(49,'trans_15','agl-sup-01-03',15,'2022-10-14 22:18:00',60.00,1,'เชียงดาว','เชียงใหม่','50170'),(50,'trans_15','agl-sup-02-03',15,'2022-10-14 22:18:00',60.00,1,'เชียงดาว','เชียงใหม่','50170'),(51,'trans_16','agl-01',16,'2022-10-05 21:13:00',45.00,1,'หนองโดน','สระบุรี','18190'),(52,'trans_16','agl-sup-01-03',16,'2022-10-05 21:13:00',60.00,1,'หนองโดน','สระบุรี','18190'),(53,'trans_16','agl-sup-02-03',16,'2022-10-05 21:13:00',60.00,1,'หนองโดน','สระบุรี','18190'),(54,'trans_17','agl-05',17,'2022-10-01 13:48:00',55.00,10,'ละงู','สตูล','91110'),(55,'trans_18','agl-sup-03-03',17,'2022-10-01 13:49:00',50.00,10,'ละงู','สตูล','91110'),(56,'trans_19','agl-sup-02-03',18,'2022-10-20 01:01:00',60.00,1,'เวียงชัย','เชียงราย','57210'),(57,'trans_19','agl-sup-03-03',18,'2022-10-20 01:01:00',50.00,1,'เวียงชัย','เชียงราย','57210'),(58,'trans_20','agl-sup-01-03',19,'2022-10-01 00:43:00',60.00,1,'อรัญประเทศ','สระแก้ว','27120'),(59,'trans_20','agl-sup-02-03',19,'2022-10-01 00:43:00',60.00,1,'อรัญประเทศ','สระแก้ว','27120'),(60,'trans_21','agl-sup-01-03',20,'2022-10-02 23:39:00',60.00,5,'เมืองนครปฐม','นครปฐม','73000'),(61,'trans_21','agl-sup-02-03',20,'2022-10-02 23:39:00',60.00,5,'เมืองนครปฐม','นครปฐม','73000'),(62,'trans_22','pot-bella-2211be',21,'2022-10-19 09:06:00',42.00,1,'พญาไท','กรุงเทพมหานคร','10400'),(63,'trans_22','pot-bella-2211w',21,'2022-10-19 09:06:00',42.00,2,'พญาไท','กรุงเทพมหานคร','10400'),(64,'trans_22','pot-bella-2211g',21,'2022-10-19 09:06:00',42.00,1,'พญาไท','กรุงเทพมหานคร','10400'),(65,'trans_23','pot-bella-9976w',22,'2022-10-15 09:09:00',720.00,3,'จตุจักร','กรุงเทพมหานคร','10900'),(66,'trans_23','pot-bella-9977w',22,'2022-10-15 09:09:00',825.00,3,'จตุจักร','กรุงเทพมหานคร','10900'),(67,'trans_24','pot-bella-9976w',23,'2022-10-19 21:06:00',720.00,1,'ประเวศ','กรุงเทพมหานคร','10250'),(68,'trans_24','pot-bella-9975w',23,'2022-10-19 21:06:00',500.00,1,'ประเวศ','กรุงเทพมหานคร','10250'),(69,'trans_24','pot-bella-9975b',23,'2022-10-19 21:06:00',500.00,1,'ประเวศ','กรุงเทพมหานคร','10250'),(70,'trans_25','phi-02-08',24,'2022-10-28 13:09:00',90.00,1,'ปากเกร็ด','นนทบุรี','11120'),(71,'trans_25','pot-bella-9975w',24,'2022-10-28 13:09:00',500.00,1,'ปากเกร็ด','นนทบุรี','11120'),(72,'trans_26','pot-bella-2213g',25,'2022-10-10 00:03:00',189.00,1,'เมืองสมุทรปราการ','สมุทรปราการ','10270'),(73,'trans_26','pot-bella-2213w',25,'2022-10-10 00:03:00',189.00,1,'เมืองสมุทรปราการ','สมุทรปราการ','10270'),(74,'trans_26','pot-bella-2212g',25,'2022-10-10 00:03:00',89.00,1,'เมืองสมุทรปราการ','สมุทรปราการ','10270'),(75,'trans_26','pot-bella-2211w',25,'2022-10-10 00:03:00',42.00,1,'เมืองสมุทรปราการ','สมุทรปราการ','10270'),(76,'trans_26','pot-bella-2211g',25,'2022-10-10 00:03:00',42.00,1,'เมืองสมุทรปราการ','สมุทรปราการ','10270'),(77,'trans_26','pot-bella-2212w',25,'2022-10-10 00:03:00',89.00,1,'เมืองสมุทรปราการ','สมุทรปราการ','10270'),(78,'trans_27','pot-bella-2211be',26,'2022-10-10 01:33:00',42.00,1,'วัฒนา','กรุงเทพมหานคร','10110'),(79,'trans_27','pot-bella-2212g',26,'2022-10-10 01:33:00',89.00,1,'วัฒนา','กรุงเทพมหานคร','10110'),(80,'trans_27','pot-bella-2211w',26,'2022-10-10 01:33:00',42.00,1,'วัฒนา','กรุงเทพมหานคร','10110'),(81,'trans_28','pot-bella-2211w',27,'2022-10-17 14:39:00',42.00,1,'เมืองอุบลราชธานี','อุบลราชธานี','34000'),(82,'trans_28','pot-bella-2212w',27,'2022-10-17 14:39:00',89.00,1,'เมืองอุบลราชธานี','อุบลราชธานี','34000'),(83,'trans_29','pot-bella-2212be',28,'2022-10-18 20:54:00',89.00,3,'บางกะปิ','กรุงเทพมหานคร','10240'),(84,'trans_29','pot-bella-2212g',28,'2022-10-18 20:54:00',89.00,2,'บางกะปิ','กรุงเทพมหานคร','10240'),(85,'trans_29','pot-bella-2212w',28,'2022-10-18 20:54:00',89.00,2,'บางกะปิ','กรุงเทพมหานคร','10240'),(86,'trans_29','fer-01',28,'2022-10-18 20:54:00',40.00,1,'บางกะปิ','กรุงเทพมหานคร','10240'),(87,'trans_30','pot-bella-2211w',29,'2022-10-02 16:05:00',42.00,1,'จตุจักร','กรุงเทพมหานคร','10900'),(88,'trans_30','pot-bella-2212w',29,'2022-10-02 16:05:00',89.00,1,'จตุจักร','กรุงเทพมหานคร','10900'),(89,'trans_31','pot-bella-2212b',30,'2022-10-01 14:56:00',89.00,1,'หนองจอก','กรุงเทพมหานคร','10530'),(90,'trans_31','pot-bella-2212w',30,'2022-10-01 14:56:00',89.00,2,'หนองจอก','กรุงเทพมหานคร','10530'),(91,'trans_32','pot-bella-2211w',31,'2022-10-02 08:48:00',42.00,1,'วัฒนา','กรุงเทพมหานคร','10110'),(92,'trans_32','pot-bella-2211b',31,'2022-10-02 08:48:00',42.00,1,'วัฒนา','กรุงเทพมหานคร','10110'),(93,'trans_33','pot-bella-2211be',32,'2022-10-04 21:10:00',42.00,1,'ธัญบุรี','ปทุมธานี','12110'),(94,'trans_33','pot-bella-2211w',32,'2022-10-04 21:10:00',42.00,2,'ธัญบุรี','ปทุมธานี','12110'),(95,'trans_34','pot-bella-2212be',33,'2022-10-03 13:42:00',89.00,1,'บางพลัด','กรุงเทพมหานคร','10700'),(96,'trans_34','pot-bella-2211w',33,'2022-10-03 13:42:00',42.00,1,'บางพลัด','กรุงเทพมหานคร','10700'),(97,'trans_35','pot-bella-2214w',34,'2022-10-05 13:01:00',285.00,1,'ฝาง','เชียงใหม่','50110'),(98,'trans_35','pot-bella-2213w',34,'2022-10-05 13:01:00',189.00,2,'ฝาง','เชียงใหม่','50110'),(99,'trans_36','pot-bella-2211w',35,'2022-10-05 14:07:00',42.00,1,'เมืองสมุทรปราการ','สมุทรปราการ','10270'),(100,'trans_36','pot-bella-2212w',35,'2022-10-05 14:07:00',89.00,1,'เมืองสมุทรปราการ','สมุทรปราการ','10270'),(101,'trans_37','fer-03-03',36,'2022-10-02 10:09:00',89.00,1,'เมืองเพชรบุรี','เพชรบุรี','76000'),(102,'trans_37','fer-03-04',36,'2022-10-02 10:09:00',89.00,1,'เมืองเพชรบุรี','เพชรบุรี','76000'),(103,'trans_38','fer-03-01',37,'2022-10-03 04:21:00',89.00,1,'จอมทอง','กรุงเทพมหานคร','10150'),(104,'trans_38','fer-03-04',37,'2022-10-03 04:21:00',89.00,1,'จอมทอง','กรุงเทพมหานคร','10150'),(105,'trans_39','fer-01',38,'2022-10-02 15:59:00',40.00,1,'เมืองภูเก็ต','ภูเก็ต','83000'),(106,'trans_39','bon-01',38,'2022-10-02 15:59:00',120.00,1,'เมืองภูเก็ต','ภูเก็ต','83000'),(107,'trans_40','bon-02',39,'2022-10-04 19:25:00',80.00,1,'สวี','ชุมพร','86130'),(108,'trans_40','bon-01',39,'2022-10-04 19:25:00',120.00,1,'สวี','ชุมพร','86130'),(109,'trans_41','bon-01',40,'2022-10-06 18:25:00',120.00,1,'เมืองตรัง','ตรัง','92000'),(110,'trans_41','bon-03',40,'2022-10-06 18:25:00',80.00,1,'เมืองตรัง','ตรัง','92000'),(111,'trans_42','dec-pep-02',41,'2022-10-10 08:48:00',15.00,1,'ศรีมหาโพธิ','ปราจีนบุรี','25140'),(112,'trans_42','pot-bon-ss',41,'2022-10-10 08:48:00',80.00,1,'ศรีมหาโพธิ','ปราจีนบุรี','25140'),(113,'trans_42','bon-01',41,'2022-10-10 08:48:00',120.00,1,'ศรีมหาโพธิ','ปราจีนบุรี','25140'),(114,'trans_43','pot-bon-ss',42,'2022-10-06 09:56:00',80.00,2,'บางพลี','สมุทรปราการ','10540'),(115,'trans_43','pot-bon-ss',42,'2022-10-06 09:56:00',80.00,1,'บางพลี','สมุทรปราการ','10540'),(116,'trans_44','pot-bella-2211b',43,'2022-10-13 22:16:00',42.00,1,'คลองหลวง','ปทุมธานี','12120'),(117,'trans_44','bon-05',43,'2022-10-13 22:16:00',70.00,1,'คลองหลวง','ปทุมธานี','12120'),(118,'trans_45','plu-02-03',44,'2022-10-29 15:10:00',23.00,1,'บางพลัด','กรุงเทพมหานคร','10700'),(119,'trans_45','plu-01-03',44,'2022-10-29 15:10:00',23.00,1,'บางพลัด','กรุงเทพมหานคร','10700'),(120,'trans_45','plu-09-03',44,'2022-10-29 15:10:00',25.00,1,'บางพลัด','กรุงเทพมหานคร','10700'),(121,'trans_46','plu-01-04',45,'2022-10-01 13:36:00',35.00,2,'บ้านดุง','อุดรธานี','41190'),(122,'trans_46','plu-03-04',45,'2022-10-01 13:36:00',35.00,1,'บ้านดุง','อุดรธานี','41190'),(123,'trans_46','plu-02-04',45,'2022-10-01 13:36:00',35.00,1,'บ้านดุง','อุดรธานี','41190'),(124,'trans_47','plu-06-03',46,'2022-10-03 08:03:00',30.00,1,'ลำลูกกา','ปทุมธานี','12150'),(125,'trans_47','plu-03-03',46,'2022-10-03 08:03:00',25.00,1,'ลำลูกกา','ปทุมธานี','12150'),(126,'trans_47','plu-08-03',46,'2022-10-03 08:03:00',25.00,1,'ลำลูกกา','ปทุมธานี','12150'),(127,'trans_48','til-02',47,'2022-10-03 12:08:00',4.00,10,'ยี่งอ','นราธิวาส','96180'),(128,'trans_48','til-01',47,'2022-10-03 12:08:00',4.00,10,'ยี่งอ','นราธิวาส','96180'),(129,'trans_49','til-02',48,'2022-10-04 23:40:00',4.00,20,'บรรพตพิสัย','นครสวรรค์','60180'),(130,'trans_49','til-01',48,'2022-10-04 23:40:00',4.00,20,'บรรพตพิสัย','นครสวรรค์','60180'),(131,'trans_50','fer-01',49,'2022-10-14 22:20:00',40.00,1,'บ้านผือ','อุดรธานี','41160'),(132,'trans_50','sun-02',49,'2022-10-14 22:20:00',25.00,6,'บ้านผือ','อุดรธานี','41160'),(133,'trans_51','phi-02-06',50,'2022-10-19 21:35:00',50.00,2,'พบพระ','ตาก','63160'),(134,'trans_51','pot-bella-2211w',50,'2022-10-19 21:35:00',42.00,2,'พบพระ','ตาก','63160'),(135,'trans_52','plu-02-04',51,'2022-10-16 21:55:00',35.00,1,'เมืองนนทบุรี','นนทบุรี','11000'),(136,'trans_52','pot-bella-2211w',51,'2022-10-16 21:55:00',42.00,1,'เมืองนนทบุรี','นนทบุรี','11000'),(137,'trans_53','han-hoy-04-03',52,'2022-10-29 20:00:00',59.00,1,'จตุจักร','กรุงเทพมหานคร','10900'),(138,'trans_53','sun-02',52,'2022-10-29 20:00:00',25.00,1,'จตุจักร','กรุงเทพมหานคร','10900'),(139,'trans_54','mmk-15',53,'2022-10-02 04:54:00',20.00,1,'หาดใหญ่','สงขลา','90110'),(140,'trans_54','sun-06',53,'2022-10-02 04:54:00',89.00,1,'หาดใหญ่','สงขลา','90110'),(141,'trans_55','fer-01',54,'2022-10-05 23:59:00',40.00,1,'เมืองระยอง','ระยอง','21000'),(142,'trans_55','sun-02',54,'2022-10-05 23:59:00',25.00,1,'เมืองระยอง','ระยอง','21000'),(143,'trans_55','pot-bella-2212g',54,'2022-10-05 23:59:00',89.00,2,'เมืองระยอง','ระยอง','21000'),(144,'trans_56','plu-01-04',55,'2022-10-02 18:31:00',35.00,1,'เมืองเชียงใหม่','เชียงใหม่','50200'),(145,'trans_56','plu-03-04',55,'2022-10-02 18:31:00',35.00,2,'เมืองเชียงใหม่','เชียงใหม่','50200'),(146,'trans_56','mmk-02',55,'2022-10-02 18:31:00',20.00,1,'เมืองเชียงใหม่','เชียงใหม่','50200'),(147,'trans_57','fer-01',56,'2022-10-03 00:58:00',40.00,1,'เมืองสมุทรปราการ','สมุทรปราการ','10270'),(148,'trans_57','fer-02',56,'2022-10-03 00:58:00',40.00,1,'เมืองสมุทรปราการ','สมุทรปราการ','10270'),(149,'trans_57','sun-04',56,'2022-10-03 00:58:00',35.00,1,'เมืองสมุทรปราการ','สมุทรปราการ','10270'),(150,'trans_58','fer-01',57,'2022-10-02 15:24:00',40.00,1,'ห้วยขวาง','กรุงเทพมหานคร','10310'),(151,'trans_58','sun-02',57,'2022-10-02 15:24:00',25.00,2,'ห้วยขวาง','กรุงเทพมหานคร','10310'),(152,'trans_58','fer-03-02',57,'2022-10-02 15:24:00',89.00,1,'ห้วยขวาง','กรุงเทพมหานคร','10310'),(153,'trans_59','dec-pot-01',58,'2022-10-02 13:42:00',29.00,4,'เมืองเชียงใหม่','เชียงใหม่','50000'),(154,'trans_59','til-04',58,'2022-10-02 13:42:00',20.00,5,'เมืองเชียงใหม่','เชียงใหม่','50000'),(155,'trans_59','til-02',58,'2022-10-02 13:42:00',5.00,5,'เมืองเชียงใหม่','เชียงใหม่','50000'),(156,'trans_60','air-01',59,'2022-10-01 02:11:00',69.00,1,'บางกะปิ','กรุงเทพมหานคร','10240'),(157,'trans_60','mmk-02',59,'2022-10-01 02:11:00',20.00,1,'บางกะปิ','กรุงเทพมหานคร','10240'),(158,'trans_60','mmk-04',59,'2022-10-01 02:11:00',20.00,1,'บางกะปิ','กรุงเทพมหานคร','10240'),(159,'trans_60','air-02-04',59,'2022-10-01 02:11:00',49.00,1,'บางกะปิ','กรุงเทพมหานคร','10240'),(160,'trans_61','til-01',60,'2022-10-04 07:11:00',5.00,1,'เมืองเชียงใหม่','เชียงใหม่','50300'),(161,'trans_61','til-02',60,'2022-10-04 07:11:00',5.00,1,'เมืองเชียงใหม่','เชียงใหม่','50300'),(162,'trans_61','pot-bella-2212b',60,'2022-10-04 07:11:00',89.00,1,'เมืองเชียงใหม่','เชียงใหม่','50300'),(163,'trans_61','sun-04',60,'2022-10-04 07:11:00',35.00,1,'เมืองเชียงใหม่','เชียงใหม่','50300'),(164,'trans_62','phi-03-06',61,'2022-10-02 11:18:00',150.00,1,'เมืองสงขลา','สงขลา','90000'),(165,'trans_62','phi-02-06',61,'2022-10-02 11:18:00',50.00,1,'เมืองสงขลา','สงขลา','90000'),(166,'trans_62','plu-15-04',61,'2022-10-02 11:18:00',39.00,1,'เมืองสงขลา','สงขลา','90000'),(167,'trans_62','plu-01-04',61,'2022-10-02 11:18:00',35.00,1,'เมืองสงขลา','สงขลา','90000'),(168,'trans_62','plu-07-04',61,'2022-10-02 11:18:00',35.00,1,'เมืองสงขลา','สงขลา','90000'),(169,'trans_63','han-dap-02-01',62,'2022-10-01 16:04:00',19.00,5,'ดินแดง','กรุงเทพมหานคร','10400'),(170,'trans_63','han-spa-10',62,'2022-10-01 16:04:00',16.00,3,'ดินแดง','กรุงเทพมหานคร','10400'),(171,'trans_63','sun-02',62,'2022-10-01 16:04:00',25.00,1,'ดินแดง','กรุงเทพมหานคร','10400'),(172,'trans_63','sun-05',62,'2022-10-01 16:04:00',50.00,1,'ดินแดง','กรุงเทพมหานคร','10400'),(173,'trans_64','til-02',63,'2022-10-02 15:00:00',4.00,8,'เมืองลพบุรี','ลพบุรี','15210'),(174,'trans_64','til-01',63,'2022-10-02 15:00:00',4.00,8,'เมืองลพบุรี','ลพบุรี','15210'),(175,'trans_65','han-pep-04',64,'2022-10-04 12:57:00',35.00,1,'สาทร','กรุงเทพมหานคร','10120'),(176,'trans_65','sun-07',64,'2022-10-04 12:57:00',35.00,4,'สาทร','กรุงเทพมหานคร','10120'),(177,'trans_65','plu-05-04',64,'2022-10-04 12:57:00',35.00,1,'สาทร','กรุงเทพมหานคร','10120'),(178,'trans_65','mmk-01',64,'2022-10-04 12:57:00',16.50,2,'สาทร','กรุงเทพมหานคร','10120'),(179,'trans_65','mmk-07',64,'2022-10-04 12:57:00',18.00,1,'สาทร','กรุงเทพมหานคร','10120'),(180,'trans_65','mmk-09',64,'2022-10-04 12:57:00',16.00,1,'สาทร','กรุงเทพมหานคร','10120'),(181,'trans_65','mmk-12',64,'2022-10-04 12:57:00',16.50,2,'สาทร','กรุงเทพมหานคร','10120'),(182,'trans_65','air-03-02',64,'2022-10-04 12:57:00',175.00,1,'สาทร','กรุงเทพมหานคร','10120'),(183,'trans_66','til-02',65,'2022-10-06 04:48:00',5.00,1,'วังทองหลาง','กรุงเทพมหานคร','10310'),(184,'trans_66','til-01',65,'2022-10-06 04:48:00',5.00,1,'วังทองหลาง','กรุงเทพมหานคร','10310'),(185,'trans_66','mmk-10',65,'2022-10-06 04:48:00',20.00,1,'วังทองหลาง','กรุงเทพมหานคร','10310'),(186,'trans_66','mmk-06',65,'2022-10-06 04:48:00',16.00,1,'วังทองหลาง','กรุงเทพมหานคร','10310'),(187,'trans_66','mmk-07',65,'2022-10-06 04:48:00',16.00,1,'วังทองหลาง','กรุงเทพมหานคร','10310'),(188,'trans_66','mmk-12',65,'2022-10-06 04:48:00',16.00,1,'วังทองหลาง','กรุงเทพมหานคร','10310'),(189,'trans_66','mmk-11',65,'2022-10-06 04:48:00',16.00,1,'วังทองหลาง','กรุงเทพมหานคร','10310'),(190,'trans_66','mmk-08',65,'2022-10-06 04:48:00',16.00,1,'วังทองหลาง','กรุงเทพมหานคร','10310'),(191,'trans_66','sun-04',65,'2022-10-06 04:48:00',35.00,1,'วังทองหลาง','กรุงเทพมหานคร','10310'),(192,'trans_67','fer-01',66,'2022-10-28 17:21:00',40.00,1,'บางเขน','กรุงเทพมหานคร','10220'),(193,'trans_67','sun-03-06',66,'2022-10-28 17:21:00',150.00,2,'บางเขน','กรุงเทพมหานคร','10220'),(194,'trans_67','mmk-10',66,'2022-10-28 17:21:00',20.00,1,'บางเขน','กรุงเทพมหานคร','10220'),(195,'trans_67','mmk-07',66,'2022-10-28 17:21:00',16.00,1,'บางเขน','กรุงเทพมหานคร','10220'),(196,'trans_67','mmk-12',66,'2022-10-28 17:21:00',16.00,1,'บางเขน','กรุงเทพมหานคร','10220'),(197,'trans_67','mmk-15',66,'2022-10-28 17:21:00',16.00,1,'บางเขน','กรุงเทพมหานคร','10220'),(198,'trans_67','mmk-08',66,'2022-10-28 17:21:00',16.00,1,'บางเขน','กรุงเทพมหานคร','10220'),(199,'trans_67','mmk-14',66,'2022-10-28 17:21:00',16.00,1,'บางเขน','กรุงเทพมหานคร','10220'),(200,'trans_67','sun-04',66,'2022-10-28 17:21:00',35.00,2,'บางเขน','กรุงเทพมหานคร','10220'),(201,'trans_68','sun-01',67,'2022-10-02 14:32:00',30.00,1,'บางกะปิ','กรุงเทพมหานคร','10240'),(202,'trans_68','sun-02',67,'2022-10-02 14:32:00',25.00,1,'บางกะปิ','กรุงเทพมหานคร','10240'),(203,'trans_68','mmk-01',67,'2022-10-02 14:32:00',20.00,1,'บางกะปิ','กรุงเทพมหานคร','10240'),(204,'trans_68','mmk-04',67,'2022-10-02 14:32:00',16.00,1,'บางกะปิ','กรุงเทพมหานคร','10240'),(205,'trans_68','mmk-06',67,'2022-10-02 14:32:00',16.00,1,'บางกะปิ','กรุงเทพมหานคร','10240'),(206,'trans_68','mmk-07',67,'2022-10-02 14:32:00',16.00,1,'บางกะปิ','กรุงเทพมหานคร','10240'),(207,'trans_68','mmk-12',67,'2022-10-02 14:32:00',16.00,1,'บางกะปิ','กรุงเทพมหานคร','10240'),(208,'trans_68','mmk-13',67,'2022-10-02 14:32:00',16.00,1,'บางกะปิ','กรุงเทพมหานคร','10240'),(209,'trans_68','air-01-02',67,'2022-10-02 14:32:00',85.00,1,'บางกะปิ','กรุงเทพมหานคร','10240'),(210,'trans_69','agl-sup-01-06',68,'2022-10-13 15:12:00',115.00,1,'เมืองนนทบุรี','นนทบุรี','11000'),(211,'trans_70','agl-sup-01-06',69,'2022-10-09 11:30:00',115.00,1,'คลองหลวง','ปทุมธานี','12120'),(212,'trans_71','agl-sup-02-03',70,'2022-10-28 21:33:00',60.00,1,'เมืองยะลา','ยะลา','95000'),(213,'trans_72','agl-sup-02-03',71,'2022-10-06 13:44:00',60.00,1,'ดอนเมือง','กรุงเทพมหานคร','10210'),(214,'trans_73','agl-sup-02-06',72,'2022-10-29 08:38:00',115.00,1,'บางขุนเทียน','กรุงเทพมหานคร','10150'),(215,'trans_74','agl-sup-02-06',73,'2022-10-29 13:51:00',115.00,2,'เมืองปทุมธานี','ปทุมธานี','12000'),(216,'trans_75','air-01',74,'2022-10-30 01:06:00',69.00,6,'ลำลูกกา','ปทุมธานี','12130'),(217,'trans_76','air-01',75,'2022-10-01 13:44:00',69.00,1,'หลังสวน','ชุมพร','86110'),(218,'trans_77','air-02-04',76,'2022-10-20 08:03:00',49.00,1,'ท่าศาลา','นครศรีธรรมราช','80160'),(219,'trans_78','air-03-01',77,'2022-10-29 13:46:00',59.00,1,'เขาพนม','กระบี่','81140'),(220,'trans_79','bon-01',78,'2022-10-19 21:53:00',120.00,1,'จตุรพักตรพิมาน','ร้อยเอ็ด','45180'),(221,'trans_80','bon-01',79,'2022-10-31 09:45:00',120.00,1,'ดอกคำใต้','พะเยา','56120'),(222,'trans_81','bon-01',80,'2022-10-07 10:09:00',120.00,1,'ราชเทวี','กรุงเทพมหานคร','10400'),(223,'trans_82','bon-02',81,'2022-10-05 09:58:00',80.00,1,'คลองสามวา','กรุงเทพมหานคร','10510'),(224,'trans_83','bon-03',82,'2022-10-03 20:02:00',80.00,1,'บางเขน','กรุงเทพมหานคร','10220'),(225,'trans_84','fer-03-01',83,'2022-10-03 10:45:00',89.00,1,'เมืองนนทบุรี','นนทบุรี','11000'),(226,'trans_85','fer-03-02',84,'2022-10-03 07:30:00',89.00,1,'เมืองลำปาง','ลำปาง','52000'),(227,'trans_86','han-rhi-04-02',85,'2022-10-04 12:06:00',45.00,1,'ลาดพร้าว','กรุงเทพมหานคร','10230'),(228,'trans_87','mmk-02',86,'2022-10-03 07:01:00',20.00,1,'เมืองสมุทรปราการ','สมุทรปราการ','10270'),(229,'trans_88','mmk-07',87,'2022-10-06 13:52:00',20.00,1,'คลองหลวง','ปทุมธานี','12120'),(230,'trans_89','phi-02-06',88,'2022-10-06 11:45:00',50.00,16,'บ้านดุง','อุดรธานี','41190'),(231,'trans_90','phi-02-08',89,'2022-10-16 22:26:00',90.00,2,'ลาดกระบัง','กรุงเทพมหานคร','10520'),(232,'trans_91','phi-02-08',90,'2022-10-06 13:55:00',90.00,2,'ท่าแซะ','ชุมพร','86140'),(233,'trans_92','phi-xa-06',91,'2022-10-03 10:49:00',99.00,1,'คลองสาน','กรุงเทพมหานคร','10600'),(234,'trans_93','phi-xa-11',92,'2022-10-13 21:13:00',250.00,1,'บางขุนเทียน','กรุงเทพมหานคร','10150'),(235,'trans_94','phi-xa-11',93,'2022-10-05 07:37:00',250.00,2,'กมลาไสย','กาฬสินธุ์','46130'),(236,'trans_95','plu-15-04',94,'2022-10-03 05:51:00',39.00,1,'ท่าเรือ','พระนครศรีอยุธยา','13130'),(237,'trans_96','plu-15-04',95,'2022-10-03 10:18:00',39.00,1,'เมืองลพบุรี','ลพบุรี','15000'),(238,'trans_97','pot-bella-2211b',96,'2022-10-29 12:49:00',42.00,2,'จตุจักร','กรุงเทพมหานคร','10900'),(239,'trans_98','pot-bella-2211w',97,'2022-10-30 02:00:00',42.00,2,'บางแค','กรุงเทพมหานคร','10160'),(240,'trans_99','pot-bella-2211w',98,'2022-10-10 00:08:00',42.00,1,'บึงกุ่ม','กรุงเทพมหานคร','10230'),(241,'trans_100','pot-bella-2211w',99,'2022-10-16 18:26:00',42.00,1,'บางปลาม้า','สุพรรณบุรี','72150'),(242,'trans_101','pot-bella-2211w',100,'2022-10-01 16:06:00',42.00,1,'หาดใหญ่','สงขลา','90110'),(243,'trans_102','pot-bella-2211w',101,'2022-10-02 16:18:00',42.00,1,'แก่งคอย','สระบุรี','18110'),(244,'trans_103','pot-bella-2211w',102,'2022-10-02 21:52:00',42.00,1,'คลองหลวง','ปทุมธานี','12120'),(245,'trans_104','pot-bella-2211w',103,'2022-10-03 16:51:00',42.00,5,'บ้านไร่','อุทัยธานี','61140'),(246,'trans_105','pot-bella-2211w',104,'2022-10-03 21:46:00',42.00,1,'เมืองสุราษฎร์ธานี','สุราษฎร์ธานี','84000'),(247,'trans_106','pot-bella-2211w',100,'2022-10-06 11:58:00',42.00,1,'หาดใหญ่','สงขลา','90110'),(248,'trans_107','pot-bella-2212b',105,'2022-10-02 21:49:00',89.00,1,'สวนหลวง','กรุงเทพมหานคร','10250'),(249,'trans_108','pot-bella-2212w',106,'2022-10-10 11:44:00',89.00,2,'เมืองอุดรธานี','อุดรธานี','41000'),(250,'trans_109','pot-bella-2212w',107,'2022-10-10 23:48:00',89.00,1,'ธนบุรี','กรุงเทพมหานคร','10600'),(251,'trans_110','pot-bella-2212w',108,'2022-10-11 20:29:00',89.00,1,'ราชเทวี','กรุงเทพมหานคร','10400'),(252,'trans_111','pot-bella-2212w',109,'2022-10-13 10:20:00',89.00,2,'พระโขนง','กรุงเทพมหานคร','10260'),(253,'trans_112','pot-bella-2213g',110,'2022-10-18 07:02:00',189.00,2,'เขาย้อย','เพชรบุรี','76140'),(254,'trans_113','pot-bella-2213g',111,'2022-10-04 00:30:00',189.00,1,'บางพลัด','กรุงเทพมหานคร','10700'),(255,'trans_114','pot-bella-2213w',112,'2022-10-10 00:11:00',189.00,2,'ประเวศ','กรุงเทพมหานคร','10250'),(256,'trans_115','pot-bella-2213w',113,'2022-10-11 20:40:00',189.00,1,'ตลิ่งชัน','กรุงเทพมหานคร','10170'),(257,'trans_116','pot-bella-2213w',114,'2022-10-12 10:55:00',189.00,2,'บางปะกง','ฉะเชิงเทรา','24130'),(258,'trans_117','pot-bella-2213w',115,'2022-10-29 13:57:00',189.00,2,'เมืองจันทบุรี','จันทบุรี','22000'),(259,'trans_118','pot-bella-2213w',116,'2022-10-02 21:50:00',189.00,1,'บางปะอิน','พระนครศรีอยุธยา','13160'),(260,'trans_119','pot-bella-9975w',117,'2022-10-15 17:55:00',500.00,1,'เมืองภูเก็ต','ภูเก็ต','83000'),(261,'trans_120','pot-bella-9975w',118,'2022-10-03 10:43:00',500.00,1,'เมืองสระบุรี','สระบุรี','18000'),(262,'trans_121','pot-bella-9976w',119,'2022-10-18 22:16:00',720.00,1,'มีนบุรี','กรุงเทพมหานคร','10510'),(263,'trans_122','pot-bella-9977b',120,'2022-10-15 22:11:00',825.00,1,'บางบัวทอง','นนทบุรี','11110'),(264,'trans_123','han-spa-10',121,'2022-10-10 12:43:00',16.00,7,'เสาไห้','สระบุรี','18160'),(265,'trans_124','sun-01',122,'2022-10-13 22:29:00',30.00,1,'โคกสำโรง','ลพบุรี','15120'),(266,'trans_125','sun-02',123,'2022-10-13 15:59:00',25.00,1,'ทวีวัฒนา','กรุงเทพมหานคร','10170'),(267,'trans_126','sun-02',124,'2022-10-13 18:46:00',25.00,1,'หนองสูง','มุกดาหาร','49160'),(268,'trans_127','sun-02',125,'2022-10-14 18:15:00',25.00,2,'บางบ่อ','สมุทรปราการ','10560'),(269,'trans_128','sun-02',126,'2022-10-14 19:56:00',25.00,5,'คลองเตย','กรุงเทพมหานคร','10110'),(270,'trans_129','sun-02',127,'2022-10-17 07:04:00',25.00,2,'พนมสารคาม','ฉะเชิงเทรา','24120'),(271,'trans_130','sun-02',128,'2022-10-29 15:01:00',20.00,11,'พนัสนิคม','ชลบุรี','20140'),(272,'trans_131','sun-02',100,'2022-10-03 10:19:00',20.00,12,'หาดใหญ่','สงขลา','90110'),(273,'trans_132','sun-03-06',17,'2022-10-29 21:08:00',150.00,1,'ละงู','สตูล','91110'),(274,'trans_133','sun-05',30,'2022-10-03 15:05:00',50.00,2,'หนองจอก','กรุงเทพมหานคร','10530'),(275,'trans_134','air-01',1,'2022-10-05 23:26:00',69.00,1,'บางกอกน้อย','กรุงเทพมหานคร','10700'),(276,'trans_134','air-03-02',1,'2022-10-05 23:26:00',199.00,1,'บางกอกน้อย','กรุงเทพมหานคร','10700');
/*!40000 ALTER TABLE `main` ENABLE KEYS */;
UNLOCK TABLES;

--
-- Table structure for table `product`
--

DROP TABLE IF EXISTS `product`;
/*!40101 SET @saved_cs_client     = @@character_set_client */;
/*!50503 SET character_set_client = utf8mb4 */;
CREATE TABLE `product` (
  `id` varchar(50) NOT NULL,
  `product_category` varchar(20) NOT NULL,
  `product_name` varchar(200) NOT NULL,
  `product_cost` decimal(10,2) NOT NULL,
  `stock` int NOT NULL,
  PRIMARY KEY (`id`,`product_category`),
  KEY `fk_product_product_category1_idx` (`product_category`),
  CONSTRAINT `fk_product_product_category1` FOREIGN KEY (`product_category`) REFERENCES `product_category` (`product_category`) ON DELETE RESTRICT ON UPDATE RESTRICT
) ENGINE=InnoDB DEFAULT CHARSET=utf8mb3;
/*!40101 SET character_set_client = @saved_cs_client */;

--
-- Dumping data for table `product`
--

LOCK TABLES `product` WRITE;
/*!40000 ALTER TABLE `product` DISABLE KEYS */;
INSERT INTO `product` VALUES ('agl-01','agl','อโกลนีมา อัญมณีแดง',20.00,23),('agl-02','agl','อโกลนีมา อัญมณีขาว',20.00,144),('agl-03','agl','อโกลนีมา เศรษฐีรับเงิน',30.00,287),('agl-04-05','agl','อโกลนีมา แสงจันทรา',20.00,90),('agl-05','agl','อโกลนีมา รับเงินรับทอง',35.00,58),('agl-sup-01-03','agl','อโกลนีมา ซุปเปอร์พิงค์ กระถาง 3 นิ้ว',25.00,203),('agl-sup-01-06','agl','อโกลนีมา ซุปเปอร์พิงค์ กระถาง 6 นิ้ว',40.00,171),('agl-sup-02-03','agl','อโกลนีมา ซุปเปอร์เรด กระถาง 3 นิ้ว',25.00,110),('agl-sup-02-06','agl','อโกลนีมา ซุปเปอร์เรด กระถาง 6 นิ้ว',40.00,134),('agl-sup-03-03','agl','อโกลนีมา ซุปเปอร์เร้ดใบเรียว กระถาง 3 นิ้ว',25.00,167),('air-01','air','ยางอินเดียดำ',23.00,253),('air-01-02','air','ยางอินเดียดำ เล็ก 28-35 ซม.',30.00,12),('air-02-04','air','กวักมรกตดำ 4 นิ้ว',15.00,190),('air-03-01','air','มอนสเตอร่า ไซส์ xs',15.00,286),('air-03-02','air','มอนสเตอร่า ไซส์ M',50.00,74),('bon-01','bon','อโกลนีมา เพรมน่าด่างเกาะโขด',70.00,237),('bon-02','bon','อโกลนีมา บอนไซเพรมน่าเขียว',55.00,36),('bon-03','bon','อโกลนีมา บอนไซม่วงเจริญ',55.00,246),('bon-05','bon','อโกลนีมา ชาฮกเกี้ยน (ชาดัด)',40.00,8),('dec-pep-02','dec','ของตกแต่ง หินโรยต้นไม้',6.00,239),('dec-pot-01','dec','ของตกแต่ง กระถางแขวนหวายสาน',15.00,22),('fer-01','fer','ปุ๋ย ออสโมโค้ท',20.00,4),('fer-02','fer','ปุ๋ย เคราฤาษี',20.00,110),('fer-03-01','fer','ปุ๋ย น้ำช่องาม สีเขียว เร่งใบ ต้น',55.00,24),('fer-03-02','fer','ปุ๋ย น้ำช่องาม สีฟ้า กำจัดศัตรูพืช',55.00,175),('fer-03-03','fer','ปุ๋ย น้ำช่องาม สีชมพู เร่งดอก สี',55.00,257),('fer-03-04','fer','ปุ๋ย น้ำช่องาม สีเหลือง กันเชื้อรา',55.00,206),('han-dap-01-01','han','ไม้แขวน เดป',10.00,96),('han-dap-02-01','han','ไม้แขวน เดป',10.00,78),('han-hoy-04-01','han','ไม้แขวน โฮย่า หัวใจทศกันต์ ใบเขียว',15.00,151),('han-hoy-04-03','han','ไม้แขวน โฮย่า หัวใจทศกันต์ ใบด่างนอก',15.00,293),('han-hoy-04-06','han','ไม้แขวน โฮย่า มณีแดง',25.00,264),('han-lip-01','han','ไม้แขวน ลิปสติก',20.00,63),('han-pep-04','han','ไม้แขวน เปเปอร์โรเมีย',15.00,236),('han-rhi-04-02','han','ไม้แขวน ริพซาลิส ไข่มุก',20.00,92),('han-rhi-04-04','han','ไม้แขวน ริพซาลิส ป๊อปอาย',20.00,62),('han-rhi-04-06','han','ไม้แขวน ริพซาลิส หางกระรอก',20.00,217),('han-rhi-04-09','han','ไม้แขวน ริพซาลิส บัวสวรรค์',20.00,89),('han-spa-10','han','ไม้แขวน เคราฤาษี',10.00,158),('mmk-01','mmk','ต้นไม้มงคล เล็บครุฑใบด่าง',8.00,169),('mmk-02','mmk','ต้นไม้มงคล เฟิร์นข้าหลวง',8.00,40),('mmk-03','mmk','ต้นไม้มงคล เปเปอร์หยก',8.00,292),('mmk-04','mmk','ต้นไม้มงคล ลายเงิน',8.00,14),('mmk-06','mmk','ต้นไม้มงคล ช้อนเงินช้อนทอง',8.00,86),('mmk-07','mmk','ต้นไม้มงคล บันไดเศรษฐี',8.00,36),('mmk-08','mmk','ต้นไม้มงคล เทียนมหาลาภ',8.00,277),('mmk-09','mmk','ต้นไม้มงคล เล็บครุฑใบเขียว',8.00,232),('mmk-10','mmk','ต้นไม้มงคล พวงไข่มุก',8.00,244),('mmk-11','mmk','ต้นไม้มงคล ออมเงินแคระ',8.00,16),('mmk-12','mmk','ต้นไม้มงคล เงินไหลมา',8.00,274),('mmk-13','mmk','ต้นไม้มงคล สายรุ้ง',8.00,213),('mmk-14','mmk','ต้นไม้มงคล หยกนำโชค',8.00,212),('mmk-15','mmk','ต้นไม้มงคล ไผ่กวนอิม',8.00,199),('mmk-16','mmk','ต้นไม้มงคล เพชรชมพู',8.00,165),('mmk-17','mmk','ต้นไม้มงคล ปีกนางฟ้า',8.00,258),('phi-02-06','phi','ฟิโลเดนดรอน รวยทรัพย์ กระถาง 6 นิ้ว',18.00,115),('phi-02-08','phi','ฟิโลเดนดรอน รวยทรัพย์ กระถาง 8 นิ้ว',25.00,51),('phi-03-06','phi','ฟิโลเดนดรอน เบอร์กิ้น',30.00,189),('phi-xa-06','phi','ฟิโลเดนดรอน ซานาดู กระถาง 6 นิ้ว',30.00,6),('phi-xa-11','phi','ฟิโลเดนดรอน ซานาดู กระถาง 11 นิ้ว',70.00,177),('plu-01-03','plu','พลูด่าง เขียว กระถาง 3 นิ้ว',8.00,145),('plu-01-04','plu','พลูด่าง เขียว กระถาง 4 นิ้ว',12.00,153),('plu-02-03','plu','พลูด่าง ทอง กระถาง 3 นิ้ว',8.00,77),('plu-02-04','plu','พลูด่าง ทอง กระถาง 4 นิ้ว',8.00,17),('plu-03-03','plu','พลูด่าง บราซิล กระถาง 3 นิ้ว',12.00,110),('plu-03-04','plu','พลูด่าง บราซิล กระถาง 4 นิ้ว',12.00,216),('plu-05-04','plu','พลูด่าง ฉลุ กระถาง 4 นิ้ว',12.00,211),('plu-06-03','plu','พลูด่าง ปีกนก กระถาง 3 นิ้ว',8.00,225),('plu-07-04','plu','พลูด่าง อินโด กระถาง 4 นิ้ว',12.00,193),('plu-08-03','plu','พลูด่าง ใบเงิน กระถาง 3 นิ้ว',8.00,181),('plu-09-03','plu','พลูด่าง ราชินีหินอ่อน กระถาง 3 นิ้ว',8.00,224),('plu-15-04','plu','พลูด่าง หัวใจแนบ กระถาง 4 นิ้ว',10.00,259),('pot-bella-2211b','pot','กระถางเบลล่า 2211b',35.00,287),('pot-bella-2211be','pot','กระถางเบลล่า 2211be',35.00,247),('pot-bella-2211g','pot','กระถางเบลล่า 2211g',35.00,65),('pot-bella-2211w','pot','กระถางเบลล่า 2211w',35.00,191),('pot-bella-2212b','pot','กระถางเบลล่า 2212b',70.00,204),('pot-bella-2212be','pot','กระถางเบลล่า 2212be',70.00,208),('pot-bella-2212g','pot','กระถางเบลล่า 2212g',70.00,2),('pot-bella-2212w','pot','กระถางเบลล่า 2212w',70.00,127),('pot-bella-2213g','pot','กระถางเบลล่า 2213g',125.00,161),('pot-bella-2213w','pot','กระถางเบลล่า 2213w',125.00,157),('pot-bella-2214w','pot','กระถางเบลล่า 2214w',180.00,132),('pot-bella-9975b','pot','กระถางเบลล่า 9975b',380.00,108),('pot-bella-9975w','pot','กระถางเบลล่า 9975w',380.00,270),('pot-bella-9976w','pot','กระถางเบลล่า 9976w',550.00,22),('pot-bella-9977b','pot','กระถางเบลล่า 9977b',700.00,208),('pot-bella-9977w','pot','กระถางเบลล่า 9977w',700.00,18),('pot-bon-ss','pot','กระถาง บอนไซ',40.00,240),('sun-01','sun','ต้นไม้ทนแดด หัวใจเศรษฐี',8.00,249),('sun-02','sun','ต้นไม้ทนแดด สนหอม',8.00,26),('sun-03-06','sun','ต้นไม้ทนแดด เบญจมาศเงิน',40.00,291),('sun-04','sun','ต้นไม้ทนแดด เทียนหยด',12.00,296),('sun-05','sun','ต้นไม้ทนแดด มะลิซ้อน',10.00,44),('sun-06','sun','ต้นไม้ทนแดด มหาเฮงด่าง',25.00,113),('sun-07','sun','ต้นไม้ทนแดด แพรเซี่ยงไฮ้',8.00,16),('til-01','til','ทิลแลนเซีย ดอกสีแดง',1.00,51),('til-02','til','ทิลแลนเซีย ดอกสีขาว',1.00,101),('til-04','til','ทิลแลนเซีย ฟังเกียน่า',10.00,67);
/*!40000 ALTER TABLE `product` ENABLE KEYS */;
UNLOCK TABLES;

--
-- Table structure for table `product_category`
--

DROP TABLE IF EXISTS `product_category`;
/*!40101 SET @saved_cs_client     = @@character_set_client */;
/*!50503 SET character_set_client = utf8mb4 */;
CREATE TABLE `product_category` (
  `product_category` varchar(20) NOT NULL,
  `name` varchar(45) DEFAULT NULL,
  PRIMARY KEY (`product_category`)
) ENGINE=InnoDB DEFAULT CHARSET=utf8mb3;
/*!40101 SET character_set_client = @saved_cs_client */;

--
-- Dumping data for table `product_category`
--

LOCK TABLES `product_category` WRITE;
/*!40000 ALTER TABLE `product_category` DISABLE KEYS */;
INSERT INTO `product_category` VALUES ('agl','อโกลนีมา'),('air','ต้นไม้ฟอกอากาศ'),('bon','บอนไซ'),('dec','ของตกแต่ง'),('fer','ปุ๋ย'),('han','ไม้แขวน'),('mmk','ต้นไม้มงคล'),('phi','ฟิโลเดนดรอน'),('plu','พลูด่าง'),('pot','กระถางต้นไม้'),('sun','ต้นไม้ทนแดด'),('til','ต้นไม้รากอากาศ');
/*!40000 ALTER TABLE `product_category` ENABLE KEYS */;
UNLOCK TABLES;
/*!40103 SET TIME_ZONE=@OLD_TIME_ZONE */;

/*!40101 SET SQL_MODE=@OLD_SQL_MODE */;
/*!40014 SET FOREIGN_KEY_CHECKS=@OLD_FOREIGN_KEY_CHECKS */;
/*!40014 SET UNIQUE_CHECKS=@OLD_UNIQUE_CHECKS */;
/*!40101 SET CHARACTER_SET_CLIENT=@OLD_CHARACTER_SET_CLIENT */;
/*!40101 SET CHARACTER_SET_RESULTS=@OLD_CHARACTER_SET_RESULTS */;
/*!40101 SET COLLATION_CONNECTION=@OLD_COLLATION_CONNECTION */;
/*!40111 SET SQL_NOTES=@OLD_SQL_NOTES */;

-- Dump completed on 2022-12-23  0:50:49
